first,last
Agnes,Murphy
Millie,Mitchell
Jacob,Coleman
Wesley,Sanchez
Leo,Dixon
Walter,Massey
Lou,Wright
Jayden,Salazar
Warren,Waters
Ruby,Pena
Louisa,Sutton
Robert,Ryan
Jerome,Pearson
Juan,Hampton
Jason,Manning
Duane,Watkins
Irene,Vargas
Jayden,Singleton
Gavin,Cain
Estella,Jefferson
Oscar,Salazar
Theodore,Goodman
Theodore,Walton
Eleanor,Carroll
Harriet,Chandler
Beulah,Nash
Gertrude,Pearson
Leo,Davidson
Erik,Price
Essie,Gibbs
Johnny,Cummings
Marc,Griffith
Leona,Carter
Leila,Newton
Bill,Hopkins
Fannie,Sims
Ethan,Glover
Isaiah,Peters
Justin,Gross
Lucas,Powell
Clyde,Welch
Adam,Pratt
Leila,Stevenson
Rachel,Parker
Rosalie,Christensen
Laura,Barnett
Tillie,Alexander
Lucile,Austin
Anne,Todd
Ray,Stevens
Cole,Turner
Benjamin,Johnston
Irene,Berry
Isabelle,Allison
Aiden,Herrera
Carolyn,Gill
Derrick,Swanson
Bruce,Long
Bertie,Rodriguez
Ora,Flowers
Jennie,Briggs
Matilda,Howell
Eunice,Martinez
Cory,Hoffman
Madge,Rogers
Bettie,Higgins
Peter,Cobb
